"","trial_id","node3","full","noAct","noInf","noSelect","noActnoInf","noActnoSelect","noInfnoSelect","noActnoInfnoSelect","n","prop","pgroup","Actual","A","B","E","include"
"1","1_c1","A=0",0.269556549573551,0.268095930933227,0.31008427739819,0.378908779204683,0.291456211361507,0.341601899941273,0.32621147028965,0.245522205046946,27,0.262135922330097,1,TRUE,0,0,0,TRUE
"2","1_c1","Au=0",0.146920569391575,0.149088983395787,0.138829235648325,0.0965097556738697,0.144701611522522,0.0791990500293635,0.125503503503946,0.127238897476527,4,0.0388349514563107,1,TRUE,0,0,0,TRUE
"3","1_c1","Au=1",0.134765770020908,0.132476472778139,0.123828858489744,0.0245814651214471,0.125675382125944,0.0791990500293635,0.0482850262064032,0.127238897476527,0,0,1,FALSE,0,0,0,TRUE
"4","1_c1","B=0",0.167332500838293,0.169072701337993,0.164926918408117,0.378908779204683,0.168135553639712,0.341601899941273,0.32621147028965,0.245522205046946,64,0.621359223300971,1,TRUE,0,0,0,TRUE
"5","1_c1","Bu=0",0.146658840154766,0.148832173326443,0.138501851565881,0.0965097556738697,0.144404233875079,0.0791990500293635,0.125503503503946,0.127238897476527,4,0.0388349514563107,1,TRUE,0,0,0,TRUE
"6","1_c1","Bu=1",0.134765770020908,0.132433738228412,0.123828858489744,0.0245814651214471,0.125627007475236,0.0791990500293635,0.0482850262064032,0.127238897476527,1,0.00970873786407767,1,FALSE,0,0,0,TRUE
"7","1_c2","A=0",0.424468912666761,0.42285065503796,0.52921494852693,0.586843438586358,0.484587990116062,0.504760707156557,0.451770415377542,0.299264841776417,48,0.558139534883721,1,TRUE,0,1,0,TRUE
"8","1_c2","Au=0",0.127135064807662,0.131805666755535,0.107235972668554,0.149471640629864,0.120579461394026,0.117026774458285,0.173809859778905,0.155090365508235,1,0.0116279069767442,1,TRUE,0,1,0,TRUE
"9","1_c2","Au=1",0.107102950418229,0.104183615456039,0.0854555314453644,0.0380710933846379,0.0910748649029402,0.117026774458285,0.066869955021549,0.155090365508235,0,0,1,FALSE,0,1,0,TRUE
"10","1_c2","B=1",0.107102950418229,0.105238624960115,0.0854555314453644,0.0380710933846379,0.0921764547275403,0.0271321950103033,0.066869955021549,0.0803736961906411,3,0.0348837209302326,1,FALSE,0,1,0,TRUE
"11","1_c2","Bu=0",0.12708717127089,0.13175765667886,0.107182484468423,0.149471640629864,0.120527053445547,0.117026774458285,0.173809859778905,0.155090365508235,26,0.302325581395349,1,TRUE,0,1,0,TRUE
"12","1_c2","Bu=1",0.107102950418229,0.104163781111491,0.0854555314453644,0.0380710933846379,0.0910541754138847,0.117026774458285,0.066869955021549,0.155090365508235,4,0.0465116279069767,1,FALSE,0,1,0,TRUE
"13","1_c3","A=1",0.109867626904433,0.0833480631293765,0.0919674166207615,0.0380710933846379,0.0706527368546572,0.0271321950103033,0.066869955021549,0.0803736961906411,6,0.0588235294117647,1,FALSE,1,0,0,TRUE
"14","1_c3","Au=0",0.168245252264663,0.181679601393871,0.161694714498331,0.149471640629864,0.179038404047189,0.117026774458285,0.173809859778905,0.155090365508235,33,0.323529411764706,1,TRUE,1,0,0,TRUE
"15","1_c3","Au=1",0.109867626904433,0.100390958907812,0.0919674166207615,0.0380710933846379,0.0882154349649176,0.117026774458285,0.066869955021549,0.155090365508235,1,0.00980392156862745,1,FALSE,1,0,0,TRUE
"16","1_c3","B=0",0.333792715938511,0.352365579296763,0.400563359761789,0.586843438586358,0.394672139189393,0.504760707156557,0.451770415377542,0.299264841776417,52,0.509803921568627,1,TRUE,1,0,0,TRUE
"17","1_c3","Bu=0",0.168359151083529,0.18179852327114,0.161839675877595,0.149471640629864,0.179178256485801,0.117026774458285,0.173809859778905,0.155090365508235,7,0.0686274509803922,1,TRUE,1,0,0,TRUE
"18","1_c3","Bu=1",0.109867626904433,0.100417274001038,0.0919674166207615,0.0380710933846379,0.0882430284580421,0.117026774458285,0.066869955021549,0.155090365508235,0,0,1,FALSE,1,0,0,TRUE
"19","1_c4","A=1",0.096672986262736,0.0662177263161103,0.097145559360507,0.0610223757338565,0.0474088374560658,0.0468570865963755,0.108714038479448,0.102896921135167,3,0.0326086956521739,1,FALSE,1,1,0,TRUE
"20","1_c4","Au=0",0.30656890762588,0.329059520862079,0.305624609155867,0.377955248532287,0.355922164168622,0.328984691119791,0.282571923041105,0.198551539432416,40,0.434782608695652,1,TRUE,1,1,0,TRUE
"21","1_c4","Au=1",0.096672986262736,0.0937483626709771,0.097145559360507,0.0610223757338565,0.0773916048162204,0.124158222283834,0.108714038479448,0.198551539432416,1,0.0108695652173913,1,FALSE,1,1,0,TRUE
"22","1_c4","B=1",0.096672986262736,0.0880468633754609,0.097145559360507,0.0610223757338565,0.0858829261020916,0.0468570865963755,0.108714038479448,0.102896921135167,8,0.0869565217391304,1,FALSE,1,1,0,TRUE
"23","1_c4","Bu=0",0.306739147323175,0.329236200805748,0.305793153402104,0.377955248532287,0.356093188395074,0.328984691119791,0.282571923041105,0.198551539432416,38,0.41304347826087,1,TRUE,1,1,0,TRUE
"24","1_c4","Bu=1",0.096672986262736,0.0936913259696253,0.097145559360507,0.0610223757338565,0.077301279061926,0.124158222283834,0.108714038479448,0.198551539432416,0,0,1,FALSE,1,1,0,TRUE
"25","1_c5","A=1",0.377113661689299,0.369730695410658,0.306131701675372,0.242145483192669,0.328607811461887,0.243456783739939,0.32621147028965,0.245522205046946,16,0.170212765957447,1,TRUE,1,1,1,TRUE
"26","1_c5","Au=0",0.0503359044030296,0.0527515647072163,0.0951952857718343,0.0157090336146611,0.0437923908033427,0.0130864325201219,0.0482850262064032,0.127238897476527,1,0.0106382978723404,1,FALSE,1,1,1,TRUE
"27","1_c5","Au=1",0.202538295149178,0.202700463261947,0.174332596767373,0.242145483192669,0.201190301607775,0.243456783739939,0.125503503503946,0.127238897476527,42,0.446808510638298,1,TRUE,1,1,1,TRUE
"28","1_c5","B=1",0.116560481372852,0.118806480752356,0.154806872978754,0.242145483192669,0.181407629476814,0.243456783739939,0.32621147028965,0.245522205046946,11,0.117021276595745,1,TRUE,1,1,1,TRUE
"29","1_c5","Bu=0",0.0503359044030296,0.0527515647072163,0.0951952857718343,0.0157090336146611,0.0438058731473697,0.0130864325201219,0.0482850262064032,0.127238897476527,0,0,1,FALSE,1,1,1,TRUE
"30","1_c5","Bu=1",0.203115752982613,0.203259231160607,0.174338257034832,0.242145483192669,0.201195993502812,0.243456783739939,0.125503503503946,0.127238897476527,24,0.25531914893617,1,TRUE,1,1,1,TRUE
"31","1_d1","A=0",0.166024774431159,0.171826244212852,0.145265992939323,0.378908779204683,0.160610914851625,0.341601899941273,0.32621147028965,0.245522205046946,18,0.176470588235294,1,TRUE,0,0,0,TRUE
"32","1_d1","Au=0",0.0739717985057676,0.0786325687832775,0.0498024909433566,0.0965097556738697,0.0631936488454648,0.0791990500293635,0.125503503503946,0.127238897476527,3,0.0294117647058824,1,TRUE,0,0,0,TRUE
"33","1_d1","Au=1",0.0695774135074144,0.0704542288185511,0.0459231682970454,0.0245814651214471,0.0554318883797318,0.0791990500293635,0.0482850262064032,0.127238897476527,0,0,1,FALSE,0,0,0,TRUE
"34","1_d1","B=0",0.48684502448474,0.486233651976476,0.60370351682723,0.378908779204683,0.555704519213705,0.341601899941273,0.32621147028965,0.245522205046946,69,0.676470588235294,1,TRUE,0,0,0,TRUE
"35","1_d1","Bu=0",0.134003575563505,0.139673057478512,0.109381662695999,0.0965097556738697,0.125431859237532,0.0791990500293635,0.125503503503946,0.127238897476527,10,0.0980392156862745,1,TRUE,0,0,0,TRUE
"36","1_d1","Bu=1",0.0695774135074144,0.0531802487303319,0.0459231682970454,0.0245814651214471,0.0396271694719414,0.0791990500293635,0.0482850262064032,0.127238897476527,1,0.00980392156862745,1,FALSE,0,0,0,TRUE
"37","1_d2","A=0",0.0708172751398341,0.0759915740238685,0.128026552691512,0.408275325438186,0.15992787861017,0.388923872505824,0.451770415377542,0.299264841776417,24,0.247422680412371,1,TRUE,0,1,0,TRUE
"38","1_d2","Au=0",0.0379946557783338,0.0416196129001289,0.0775479603797248,0.103989545949327,0.103325028152778,0.0901704622881136,0.173809859778905,0.155090365508235,4,0.0412371134020619,1,TRUE,0,1,0,TRUE
"39","1_d2","Au=1",0.0362964252319624,0.0381635398369672,0.0746912291215798,0.0264866010581002,0.097030004804719,0.0901704622881136,0.066869955021549,0.155090365508235,0,0,1,FALSE,0,1,0,TRUE
"40","1_d2","B=1",0.0362964252319624,0.0290988143431527,0.0746912291215798,0.0264866010581002,0.0316788550998867,0.0209056652060626,0.066869955021549,0.0803736961906411,8,0.0824742268041237,1,FALSE,0,1,0,TRUE
"41","1_d2","Bu=0",0.782298793385945,0.775306886852351,0.570351799564024,0.408275325438186,0.587885847684426,0.388923872505824,0.173809859778905,0.155090365508235,56,0.577319587628866,1,TRUE,0,1,0,TRUE
"42","1_d2","Bu=1",0.0362964252319624,0.0398195720435315,0.0746912291215798,0.0264866010581002,0.020152385648021,0.0209056652060626,0.066869955021549,0.155090365508235,4,0.0412371134020619,1,FALSE,0,1,0,TRUE
"43","1_d3","A=0",0.0394291246110294,0.0369004646896205,0.0712690697449214,0.0287118543212879,0.0574353329962266,0.0209056652060626,0.0748773295075742,0.0803736961906411,4,0.043010752688172,1,FALSE,0,1,1,TRUE
"44","1_d3","Au=0",0.0394291246110294,0.0421471128957139,0.0712690697449214,0.0287118543212879,0.0890258211207699,0.0901704622881136,0.0748773295075742,0.155090365508235,1,0.010752688172043,1,FALSE,0,1,1,TRUE
"45","1_d3","Au=1",0.0394291246110294,0.0428133091463786,0.0712690697449214,0.0287118543212879,0.0942297171512019,0.0901704622881136,0.0748773295075742,0.155090365508235,2,0.021505376344086,1,FALSE,0,1,1,TRUE
"46","1_d3","B=1",0.209522918611634,0.213637447162098,0.267238930535582,0.442576291357424,0.289655565303475,0.388923872505824,0.50586787807913,0.299264841776417,15,0.161290322580645,1,TRUE,0,1,1,TRUE
"47","1_d3","Bu=0",0.0394291246110294,0.0424883804302865,0.0712690697449214,0.0287118543212879,0.0155787200041374,0.0209056652060626,0.0748773295075742,0.155090365508235,1,0.010752688172043,1,FALSE,0,1,1,TRUE
"48","1_d3","Bu=1",0.632760582944249,0.622013285675903,0.447684790484732,0.442576291357424,0.45407484342419,0.388923872505824,0.194622803890573,0.155090365508235,70,0.752688172043011,1,TRUE,0,1,1,TRUE
"49","1_d4","A=1",0.0627425051973571,0.0418438489852195,0.0836846622793906,0.0264866010581002,0.0210856238682245,0.0209056652060626,0.066869955021549,0.0803736961906411,7,0.074468085106383,1,FALSE,1,0,0,TRUE
"50","1_d4","Au=0",0.450870760888852,0.459831239092561,0.308816460522855,0.408275325438186,0.343651842931332,0.388923872505824,0.173809859778905,0.155090365508235,52,0.553191489361702,1,TRUE,1,0,0,TRUE
"51","1_d4","Au=1",0.0627425051973571,0.0683051321350392,0.0836846622793906,0.0264866010581002,0.0430140399813849,0.0209056652060626,0.066869955021549,0.155090365508235,4,0.0425531914893617,1,FALSE,1,0,0,TRUE
"52","1_d4","B=0",0.270477413887399,0.28055742256302,0.325380343030302,0.408275325438186,0.359658523715511,0.388923872505824,0.451770415377542,0.299264841776417,26,0.276595744680851,1,TRUE,1,0,0,TRUE
"53","1_d4","Bu=0",0.0904243096316779,0.0972576605802828,0.114749209608671,0.103989545949327,0.145037835404611,0.0901704622881136,0.173809859778905,0.155090365508235,4,0.0425531914893617,1,TRUE,1,0,0,TRUE
"54","1_d4","Bu=1",0.0627425051973571,0.0522046966438777,0.0836846622793906,0.0264866010581002,0.0875521340989368,0.0901704622881136,0.066869955021549,0.155090365508235,0,0,1,FALSE,1,0,0,TRUE
"55","1_d5","A=1",0.537309468486881,0.537422335320043,0.48922887013684,0.442576291357424,0.500340423478895,0.388923872505824,0.50586787807913,0.299264841776417,10,0.0869565217391304,1,TRUE,1,0,1,TRUE
"56","1_d5","Au=0",0.0509085728753978,0.0550493405747591,0.0736360594437558,0.0287118543212879,0.0309115067275788,0.0209056652060626,0.0748773295075742,0.155090365508235,1,0.00869565217391304,1,FALSE,1,0,1,TRUE
"57","1_d5","Au=1",0.259056240011528,0.265442590893563,0.216226892088137,0.442576291357424,0.245630892957843,0.388923872505824,0.194622803890573,0.155090365508235,94,0.817391304347826,1,TRUE,1,0,1,TRUE
"58","1_d5","B=0",0.0509085728753978,0.0311163096054124,0.0736360594437558,0.0287118543212879,0.0293215470464221,0.0209056652060626,0.0748773295075742,0.0803736961906411,7,0.0608695652173913,1,FALSE,1,0,1,TRUE
"59","1_d5","Bu=0",0.0509085728753978,0.0492640937061819,0.0736360594437558,0.0287118543212879,0.0728048382818254,0.0901704622881136,0.0748773295075742,0.155090365508235,1,0.00869565217391304,1,FALSE,1,0,1,TRUE
"60","1_d5","Bu=1",0.0509085728753978,0.0617053299000407,0.0736360594437558,0.0287118543212879,0.120990791507436,0.0901704622881136,0.0748773295075742,0.155090365508235,2,0.0173913043478261,1,FALSE,1,0,1,TRUE
"61","1_d6","A=1",0.048949555272373,0.0346192876651911,0.1106153067703,0.0287118543212879,0.0547424745323818,0.0242674212189303,0.108714038479448,0.102896921135167,3,0.0280373831775701,1,FALSE,1,1,0,TRUE
"62","1_d6","Au=0",0.286817297170806,0.294968660748244,0.231069368603635,0.442576291357424,0.313939069461899,0.451465157562139,0.282571923041105,0.198551539432416,35,0.327102803738318,1,TRUE,1,1,0,TRUE
"63","1_d6","Au=1",0.048949555272373,0.0533741640692865,0.1106153067703,0.0287118543212879,0.0861650372214392,0.0242674212189303,0.108714038479448,0.198551539432416,0,0,1,FALSE,1,1,0,TRUE
"64","1_d6","B=1",0.048949555272373,0.0418627694114603,0.1106153067703,0.0287118543212879,0.0718780500438037,0.0242674212189303,0.108714038479448,0.102896921135167,2,0.0186915887850467,1,FALSE,1,1,0,TRUE
"65","1_d6","Bu=0",0.517384481739702,0.521800954036531,0.326469404315166,0.442576291357424,0.424262868684988,0.451465157562139,0.282571923041105,0.198551539432416,61,0.570093457943925,1,TRUE,1,1,0,TRUE
"66","1_d6","Bu=1",0.048949555272373,0.0533741640692865,0.1106153067703,0.0287118543212879,0.0490125000554887,0.0242674212189303,0.108714038479448,0.198551539432416,2,0.0186915887850467,1,FALSE,1,1,0,TRUE
"67","1_d7","A=1",0.225587473948251,0.23097896217086,0.248877950673864,0.340904198560357,0.262286357283924,0.328984691119791,0.32621147028965,0.245522205046946,21,0.207920792079208,1,TRUE,1,1,1,TRUE
"68","1_d7","Au=0",0.0730823414692738,0.0670554891042328,0.0699484750070316,0.0221159422176901,0.0456991848580688,0.0468570865963754,0.0482850262064032,0.127238897476527,0,0,1,FALSE,1,1,1,TRUE
"69","1_d7","Au=1",0.155188630071372,0.160876906611126,0.147764331652546,0.136979859221953,0.166528099322425,0.124158222283833,0.125503503503946,0.127238897476527,25,0.247524752475248,1,TRUE,1,1,1,TRUE
"70","1_d7","B=1",0.175848918784695,0.181542014019831,0.1817348355025,0.340904198560357,0.19943182286401,0.328984691119791,0.32621147028965,0.245522205046946,12,0.118811881188119,1,TRUE,1,1,1,TRUE
"71","1_d7","Bu=0",0.0730823414692738,0.057997367298984,0.0699484750070316,0.0221159422176901,0.0338482793592605,0.0468570865963754,0.0482850262064032,0.127238897476527,0,0,1,FALSE,1,1,1,TRUE
"72","1_d7","Bu=1",0.297210294257135,0.301549260794966,0.281725932157026,0.136979859221953,0.292206256312313,0.124158222283833,0.125503503503946,0.127238897476527,43,0.425742574257426,1,TRUE,1,1,1,TRUE
"73","2_c1","A=0",0.182057780253081,0.18276019646318,0.186383010998775,0.333050055036851,0.18551624452992,0.287996538742906,0.299488337945173,0.232490552382305,22,0.293333333333333,2,TRUE,0,0,0,TRUE
"74","2_c1","Au=0",0.208987503559536,0.208838212122876,0.223736431872456,0.253347614530686,0.217523627003782,0.214994429370272,0.247406576659385,0.203850196129831,4,0.0533333333333333,2,TRUE,0,0,0,TRUE
"75","2_c1","Au=1",0.141318722828122,0.139918625756647,0.133271958867042,0.0216064096713946,0.134882219321092,0.0207370377866107,0.0443295333341735,0.0712127452160084,1,0.0133333333333333,2,FALSE,0,0,0,TRUE
"76","2_c1","B=0",0.182028236976499,0.182731520616578,0.18634296337387,0.333050055036851,0.185481510851214,0.287996538742906,0.299488337945173,0.232490552382305,39,0.52,2,TRUE,0,0,0,TRUE
"77","2_c1","Bu=0",0.14428903355464,0.145964566196723,0.136993676020815,0.037339456052823,0.141865716738966,0.027778371392308,0.0649576807819224,0.0812179276069252,7,0.0933333333333333,2,TRUE,0,0,0,TRUE
"78","2_c1","Bu=1",0.141318722828122,0.139786878843996,0.133271958867042,0.0216064096713946,0.134730681555025,0.160497083964998,0.0443295333341735,0.178738026282626,0,0,2,FALSE,0,0,0,TRUE
"79","2_c2","A=0",0.218405408823261,0.222515336840165,0.230462451651006,0.483693241366742,0.230783565936681,0.395880226168769,0.402083477389783,0.280126128833389,53,0.588888888888889,2,TRUE,0,1,0,TRUE
"80","2_c2","Au=0",0.299131155752584,0.301604324293816,0.349522219366635,0.367940275077633,0.331749200560434,0.295531479981112,0.332160168088145,0.245617577654837,6,0.0666666666666667,2,TRUE,0,1,0,TRUE
"81","2_c2","Au=1",0.11907773602993,0.117195060571112,0.103223698146417,0.0313792902003821,0.107383238727816,0.0285051453912169,0.0595154156464479,0.0858037044367967,0,0,2,FALSE,0,1,0,TRUE
"82","2_c2","B=1",0.11907773602993,0.111610434844037,0.103223698146417,0.0313792902003821,0.101305651752324,0.0212795872278596,0.0595154156464479,0.0752336032534557,5,0.0555555555555556,2,FALSE,0,1,0,TRUE
"83","2_c2","Bu=0",0.125230227334365,0.129957047423893,0.110344234543107,0.054228612954478,0.121479577807518,0.0381841670646044,0.0872101075827278,0.0978588739166763,21,0.233333333333333,2,TRUE,0,1,0,TRUE
"84","2_c2","Bu=1",0.11907773602993,0.117117796026977,0.103223698146417,0.0313792902003821,0.107298765215226,0.220619394166438,0.0595154156464479,0.215360111904846,3,0.0333333333333333,2,FALSE,0,1,0,TRUE
"85","2_c3","A=1",0.118939310026539,0.111465871301353,0.103043274793467,0.0313792902003821,0.101137516762096,0.0212795872278596,0.0595154156464479,0.0752336032534557,13,0.121495327102804,2,FALSE,1,0,0,TRUE
"86","2_c3","Au=0",0.299632954199184,0.302100103087954,0.350225524599323,0.367940275077633,0.332361988061489,0.295531479981112,0.332160168088145,0.245617577654837,25,0.233644859813084,2,TRUE,1,0,0,TRUE
"87","2_c3","Au=1",0.118939310026539,0.11706159720159,0.103043274793467,0.0313792902003821,0.10722505539377,0.0285051453912169,0.0595154156464479,0.0858037044367967,1,0.00934579439252336,2,FALSE,1,0,0,TRUE
"88","2_c3","B=0",0.218449511419896,0.222563636582452,0.230475846891874,0.483693241366742,0.230816921603486,0.395880226168769,0.402083477389783,0.280126128833389,57,0.532710280373832,2,TRUE,1,0,0,TRUE
"89","2_c3","Bu=0",0.125099604301304,0.129828809550892,0.110168804128402,0.054228612954478,0.121322662393959,0.0381841670646044,0.0872101075827278,0.0978588739166763,7,0.0654205607476635,2,TRUE,1,0,0,TRUE
"90","2_c3","Bu=1",0.118939310026539,0.116979982275759,0.103043274793467,0.0313792902003821,0.1071358557852,0.220619394166438,0.0595154156464479,0.215360111904846,0,0,2,FALSE,1,0,0,TRUE
"91","2_c4","A=1",0.061286916883177,0.0554550454762872,0.0414973129465195,0.0491716960141654,0.0418019628135872,0.0309927816143649,0.0905271134290601,0.0946206716372894,2,0.0204081632653061,2,FALSE,1,1,0,TRUE
"92","2_c4","Au=0",0.684895465507346,0.6871428387532,0.78525552400891,0.71419629618802,0.753482790801574,0.541079591010335,0.505238867720582,0.308911166800419,53,0.540816326530612,2,TRUE,1,1,0,TRUE
"93","2_c4","Au=1",0.061286916883177,0.0655272716273603,0.0414973129465195,0.0491716960141654,0.0473971072039058,0.0330263492615272,0.0905271134290601,0.107914599217395,3,0.0306122448979592,2,FALSE,1,1,0,TRUE
"94","2_c4","B=1",0.061286916883177,0.0554524690876209,0.0414973129465195,0.0491716960141654,0.0418061556985189,0.0309927816143649,0.0905271134290601,0.0946206716372894,2,0.0204081632653061,2,FALSE,1,1,0,TRUE
"95","2_c4","Bu=0",0.0699568669599455,0.0756907614995979,0.0487552242050115,0.0891169197553184,0.0668903275543904,0.0585141214467746,0.132652678563177,0.123076284735032,35,0.357142857142857,2,TRUE,1,1,0,TRUE
"96","2_c4","Bu=1",0.061286916883177,0.0607316135559339,0.0414973129465195,0.0491716960141654,0.0486216559280236,0.305394375052633,0.0905271134290601,0.270856605972575,3,0.0306122448979592,2,FALSE,1,1,0,TRUE
"97","2_c5","A=1",0.202824921720821,0.202982960036818,0.197184334070595,0.242145483192669,0.226430870842304,0.243456783739939,0.316691299241905,0.232490552382305,3,0.0348837209302326,2,TRUE,1,1,1,TRUE
"98","2_c5","Au=0",0.0502970690129856,0.0527135469601154,0.134825463838866,0.0157090336146611,0.0123885344569851,0.0130864325201219,0.0468758737074992,0.203850196129831,0,0,2,FALSE,1,1,1,TRUE
"99","2_c5","Au=1",0.377582499689939,0.370184508317798,0.170367987471503,0.242145483192669,0.199351047779025,0.243456783739939,0.0567437523122697,0.0712127452160084,43,0.5,2,TRUE,1,1,1,TRUE
"100","2_c5","B=1",0.20313552116536,0.203283506754115,0.19727895969252,0.242145483192669,0.226525549254536,0.243456783739939,0.316691299241905,0.232490552382305,6,0.0697674418604651,2,TRUE,1,1,1,TRUE
"101","2_c5","Bu=0",0.0502970690129856,0.0527135469601154,0.134825463838866,0.0157090336146611,0.140907285978928,0.0130864325201219,0.0468758737074992,0.0812179276069252,0,0,2,FALSE,1,1,1,TRUE
"102","2_c5","Bu=1",0.115862919397908,0.118121930971039,0.165517791087649,0.242145483192669,0.194396711688222,0.243456783739939,0.216121901788922,0.178738026282626,34,0.395348837209302,2,TRUE,1,1,1,TRUE
"103","2_d1","A=0",0.061926529553614,0.0664979928205287,0.0328981211863128,0.333050055036851,0.0470149296755366,0.287996538742906,0.299488337945173,0.232490552382305,20,0.224719101123595,2,TRUE,0,0,0,TRUE
"104","2_d1","Au=0",0.0580974584397821,0.0625181752956633,0.0302319789992233,0.253347614530686,0.0436770528332874,0.214994429370272,0.247406576659385,0.203850196129831,3,0.0337078651685393,2,TRUE,0,0,0,TRUE
"105","2_d1","Au=1",0.0465904530012906,0.0481849214948209,0.0225701620504803,0.0216064096713946,0.0320110299350249,0.0207370377866107,0.0443295333341735,0.0712127452160084,0,0,2,FALSE,0,0,0,TRUE
"106","2_d1","B=0",0.729534053764673,0.721984062242775,0.862072561607533,0.333050055036851,0.809345916032017,0.287996538742906,0.299488337945173,0.232490552382305,52,0.584269662921348,2,TRUE,0,0,0,TRUE
"107","2_d1","Bu=0",0.0572610522393497,0.0616477040768811,0.0296570141059706,0.037339456052823,0.0429523578031703,0.027778371392308,0.0649576807819224,0.0812179276069252,8,0.0898876404494382,2,TRUE,0,0,0,TRUE
"108","2_d1","Bu=1",0.0465904530012906,0.0391671440693308,0.0225701620504803,0.0216064096713946,0.0249987137209643,0.160497083964998,0.0443295333341735,0.178738026282626,2,0.0224719101123595,2,FALSE,0,0,0,TRUE
"109","2_d2","A=0",0.051740342716342,0.0566925025378533,0.154080760327211,0.338373704219593,0.2068185636147,0.34176033964392,0.402083477389783,0.280126128833389,21,0.221052631578947,2,TRUE,0,1,0,TRUE
"110","2_d2","Au=0",0.0484745319598244,0.0532288451205235,0.146360461843156,0.257397257521728,0.197759316272721,0.255130042617378,0.332160168088145,0.245617577654837,7,0.0736842105263158,2,TRUE,0,1,0,TRUE
"111","2_d2","Au=1",0.0417912147211433,0.0444290854987852,0.135401258852798,0.0219517780130284,0.18124040492606,0.0246082717108191,0.0595154156464479,0.0858037044367967,0,0,2,FALSE,0,1,0,TRUE
"112","2_d2","B=1",0.0417912147211433,0.0236843129873439,0.135401258852798,0.0219517780130284,0.0121692177371005,0.0183705031919815,0.0595154156464479,0.0752336032534557,4,0.0421052631578947,2,FALSE,0,1,0,TRUE
"113","2_d2","Bu=0",0.774411481160404,0.775849358558259,0.293355001271239,0.338373704219593,0.362458364147644,0.34176033964392,0.0872101075827278,0.0978588739166763,55,0.578947368421053,2,TRUE,0,1,0,TRUE
"114","2_d2","Bu=1",0.0417912147211433,0.0461158952972352,0.135401258852798,0.0219517780130284,0.0395541333017754,0.0183705031919815,0.0595154156464479,0.215360111904846,7,0.0736842105263158,2,FALSE,0,1,0,TRUE
"115","2_d3","A=0",0.0394511284350959,0.0399055118601373,0.0307171367848971,0.0287118543212879,0.0386576288285103,0.0183705031919815,0.0650767557893124,0.0752336032534557,2,0.0196078431372549,2,FALSE,0,1,1,TRUE
"116","2_d3","Au=0",0.0394511284350959,0.040914776033424,0.0307171367848971,0.0287118543212879,0.0401814485835118,0.255130042617378,0.0650767557893124,0.245617577654837,1,0.00980392156862745,2,FALSE,0,1,1,TRUE
"117","2_d3","Au=1",0.0394511284350959,0.0429295703824111,0.0307171367848971,0.0287118543212879,0.0439557796648004,0.0246082717108191,0.0650767557893124,0.0858037044367967,2,0.0196078431372549,2,FALSE,0,1,1,TRUE
"118","2_d3","B=1",0.632177097909291,0.620152378315857,0.696560334165739,0.442576291357424,0.653651798477864,0.34176033964392,0.439655641833262,0.280126128833389,10,0.0980392156862745,2,TRUE,0,1,1,TRUE
"119","2_d3","Bu=0",0.0394511284350959,0.0424219478054724,0.0307171367848971,0.0287118543212879,0.021965132597865,0.0183705031919815,0.0650767557893124,0.0978588739166763,1,0.00980392156862745,2,FALSE,0,1,1,TRUE
"120","2_d3","Bu=1",0.210018388350325,0.213675815602699,0.180571118694672,0.442576291357424,0.201588211847449,0.34176033964392,0.300037335009488,0.215360111904846,85,0.833333333333333,2,TRUE,0,1,1,TRUE
"121","2_d4","A=1",0.0468534860361923,0.0460908290203994,0.0298116517472982,0.0281238689463195,0.0317363252852124,0.0194667787317915,0.0595154156464479,0.0752336032534557,6,0.0540540540540541,2,FALSE,1,0,0,TRUE
"122","2_d4","Au=0",0.171671080276701,0.177579868032411,0.140108309591598,0.433512843775322,0.16300137564366,0.362155181141367,0.332160168088145,0.245617577654837,60,0.540540540540541,2,TRUE,1,0,0,TRUE
"123","2_d4","Au=1",0.0468534860361923,0.0505943815233547,0.0298116517472982,0.0281238689463195,0.0322495640619177,0.0194667787317915,0.0595154156464479,0.0858037044367967,4,0.036036036036036,2,FALSE,1,0,0,TRUE
"124","2_d4","B=0",0.632018141654196,0.626171932931967,0.73361946720802,0.433512843775322,0.689759405115935,0.362155181141367,0.402083477389783,0.280126128833389,36,0.324324324324324,2,TRUE,1,0,0,TRUE
"125","2_d4","Bu=0",0.0557503199605259,0.0598561713614038,0.0368372679584873,0.0486027056103981,0.0508926159063175,0.0349312570467178,0.0872101075827278,0.0978588739166763,4,0.036036036036036,2,TRUE,1,0,0,TRUE
"126","2_d4","Bu=1",0.0468534860361923,0.0397068171304645,0.0298116517472982,0.0281238689463195,0.032360713986958,0.201824823206965,0.0595154156464479,0.215360111904846,0,0,2,FALSE,1,0,0,TRUE
"127","2_d5","A=1",0.257980997350638,0.265347421196947,0.206411389419354,0.442576291357424,0.261636178137364,0.362155181141367,0.564573964979422,0.280126128833389,7,0.0707070707070707,2,TRUE,1,0,1,TRUE
"128","2_d5","Au=0",0.0509141466352202,0.055257205535594,0.147877108278897,0.0287118543212879,0.0512848720265353,0.0194667787317915,0.0835668613071122,0.245617577654837,1,0.0101010101010101,2,FALSE,1,0,1,TRUE
"129","2_d5","Au=1",0.538362416108481,0.540416546004546,0.202080177465056,0.442576291357424,0.256845947287741,0.362155181141367,0.101158589792129,0.0858037044367967,82,0.828282828282828,2,TRUE,1,0,1,TRUE
"130","2_d5","B=0",0.0509141466352202,0.0262098699928692,0.147877108278897,0.0287118543212879,0.0119335879398414,0.0194667787317915,0.0835668613071122,0.0752336032534557,7,0.0707070707070707,2,FALSE,1,0,1,TRUE
"131","2_d5","Bu=0",0.0509141466352202,0.0534272244794901,0.147877108278897,0.0287118543212879,0.162461593425937,0.0349312570467178,0.0835668613071122,0.0978588739166763,1,0.0101010101010101,2,FALSE,1,0,1,TRUE
"132","2_d5","Bu=1",0.0509141466352202,0.0593417327905533,0.147877108278897,0.0287118543212879,0.25583782118258,0.201824823206965,0.0835668613071122,0.215360111904846,0,0,2,FALSE,1,0,1,TRUE
"133","2_d6","A=1",0.0424516568690903,0.0439211647661996,0.131665158274253,0.0287118543212879,0.163552260587174,0.0242674212189303,0.0905271134290601,0.0946206716372894,1,0.0117647058823529,2,FALSE,1,1,0,TRUE
"134","2_d6","Au=0",0.107110895437894,0.114245321940631,0.207576357830161,0.442576291357424,0.275879839703436,0.451465157562139,0.505238867720582,0.308911166800419,41,0.482352941176471,2,TRUE,1,1,0,TRUE
"135","2_d6","Au=1",0.0424516568690903,0.046687581255596,0.131665158274253,0.0287118543212879,0.161637999292506,0.0242674212189303,0.0905271134290601,0.107914599217395,1,0.0117647058823529,2,FALSE,1,1,0,TRUE
"136","2_d6","B=1",0.0424516568690903,0.0244466501978687,0.131665158274253,0.0287118543212879,0.0140007392761629,0.0242674212189303,0.0905271134290601,0.0946206716372894,4,0.0470588235294118,2,FALSE,1,1,0,TRUE
"137","2_d6","Bu=0",0.723082477085745,0.724011700584109,0.265763009072825,0.442576291357424,0.342160814908391,0.451465157562139,0.132652678563177,0.123076284735032,33,0.388235294117647,2,TRUE,1,1,0,TRUE
"138","2_d6","Bu=1",0.0424516568690903,0.046687581255596,0.131665158274253,0.0287118543212879,0.0427683462323303,0.0242674212189303,0.0905271134290601,0.270856605972575,3,0.0352941176470588,2,FALSE,1,1,0,TRUE
"139","2_d7","A=1",0.050713970334823,0.0542784415105422,0.039801133114886,0.316879674704919,0.0539319887418446,0.265547835082775,0.316691299241905,0.232490552382305,4,0.0408163265306122,2,TRUE,1,1,1,TRUE
"140","2_d7","Au=0",0.0450384073359614,0.0392546842977359,0.0344276063475866,0.0205573665719862,0.0319499706502664,0.18591456825938,0.0468758737074992,0.203850196129831,0,0,2,FALSE,1,1,1,TRUE
"141","2_d7","Au=1",0.0521435460943046,0.0557571763237553,0.0403628838953952,0.02869700772983,0.0545946547444722,0.0203878531872475,0.0567437523122697,0.0712127452160084,34,0.346938775510204,2,TRUE,1,1,1,TRUE
"142","2_d7","B=1",0.595266751706694,0.587237902350289,0.666084383476187,0.316879674704919,0.628143930954383,0.265547835082775,0.316691299241905,0.232490552382305,6,0.0612244897959184,2,TRUE,1,1,1,TRUE
"143","2_d7","Bu=0",0.0450384073359614,0.0472603996241849,0.0344276063475866,0.0205573665719862,0.025759477753437,0.0153287952539792,0.0468758737074992,0.0812179276069252,0,0,2,FALSE,1,1,1,TRUE
"144","2_d7","Bu=1",0.211798917192256,0.216211395893493,0.184896386818359,0.29642890971636,0.205619977155596,0.247273113133845,0.216121901788922,0.178738026282626,54,0.551020408163265,2,TRUE,1,1,1,TRUE
"145","3_c1","A=0",0.298509324507697,0.296368984860896,0.351627852836456,0.394970062052436,0.326918806773391,0.332344879867184,0.339752387513437,0.243369121599953,31,0.292452830188679,3,TRUE,0,0,0,TRUE
"146","3_c1","Au=0",0.135024388116228,0.137622556718465,0.122986680378037,0.0582123786778398,0.13089055436207,0.0429406451614748,0.0892034780602369,0.0969630448001979,3,0.0283018867924528,3,TRUE,0,0,0,TRUE
"147","3_c1","Au=1",0.128475783146614,0.126342419999431,0.115151272740033,0.025623430591227,0.11819239533134,0.138263902061297,0.0502893197477331,0.164052535681238,1,0.00943396226415094,3,FALSE,0,0,0,TRUE
"148","3_c1","B=0",0.167333395674961,0.169346647681288,0.163391073740982,0.394970062052436,0.167651295038546,0.332344879867184,0.339752387513437,0.243369121599953,62,0.584905660377358,3,TRUE,0,0,0,TRUE
"149","3_c1","Bu=0",0.142181325407886,0.144669720468106,0.131691847564458,0.100600636034834,0.138927459690385,0.0770528465214302,0.130713107417424,0.126123088159329,6,0.0566037735849057,3,TRUE,0,0,0,TRUE
"150","3_c1","Bu=1",0.128475783146614,0.125649670271814,0.115151272740033,0.025623430591227,0.117419488804268,0.0770528465214302,0.0502893197477331,0.126123088159329,0,0,3,FALSE,0,0,0,TRUE
"151","3_c2","A=0",0.502850311699817,0.500239930362599,0.630714237609531,0.626287088527843,0.577039174886887,0.484807319338727,0.478162882322076,0.296072143646904,56,0.583333333333333,3,TRUE,0,1,0,TRUE
"152","3_c2","Au=0",0.102854125261016,0.10783769854135,0.0771286784722714,0.0923048723464627,0.0924692083158911,0.0626395661029279,0.125543759955918,0.117960965383749,2,0.0208333333333333,3,TRUE,0,1,0,TRUE
"153","3_c2","Au=1",0.0932928467662085,0.091041226963431,0.0677809739735775,0.0406299749902167,0.0755531515492429,0.201692145058585,0.070776503607768,0.19957908213884,0,0,3,FALSE,0,1,0,TRUE
"154","3_c2","B=1",0.0932928467662085,0.0912798236972011,0.0677809739735775,0.0406299749902167,0.0757894874336918,0.0260596487488495,0.070776503607768,0.0795162317856454,4,0.0416666666666667,3,FALSE,0,1,0,TRUE
"155","3_c2","Bu=0",0.114417022740541,0.11953863524015,0.0888141619974655,0.159518114155045,0.104563841062819,0.112400660375456,0.183963846898702,0.153435788522431,28,0.291666666666667,3,TRUE,0,1,0,TRUE
"156","3_c2","Bu=1",0.0932928467662085,0.0900626851952685,0.0677809739735775,0.0406299749902167,0.0745851367514679,0.112400660375456,0.070776503607768,0.153435788522431,5,0.0520833333333333,3,FALSE,0,1,0,TRUE
"157","3_c3","A=1",0.10069684198542,0.070722225289275,0.0795032827245015,0.0406299749902167,0.0569930629003957,0.0260596487488495,0.070776503607768,0.0795162317856454,6,0.0689655172413793,3,FALSE,1,0,0,TRUE
"158","3_c3","Au=0",0.128934964591851,0.141597043682622,0.110290331255998,0.0923048723464627,0.130494603096625,0.0626395661029279,0.125543759955918,0.117960965383749,23,0.264367816091954,3,TRUE,1,0,0,TRUE
"159","3_c3","Au=1",0.10069684198542,0.0915837194828052,0.0795032827245015,0.0406299749902167,0.0775857463273726,0.201692145058585,0.070776503607768,0.19957908213884,4,0.0459770114942529,3,FALSE,1,0,0,TRUE
"160","3_c3","B=0",0.39889310120585,0.421995328351673,0.492047640271732,0.626287088527843,0.480294562915831,0.484807319338727,0.478162882322076,0.296072143646904,45,0.517241379310345,3,TRUE,1,0,0,TRUE
"161","3_c3","Bu=0",0.170081408246038,0.185080012079065,0.159152180298765,0.159518114155045,0.179629175700875,0.112400660375456,0.183963846898702,0.153435788522431,8,0.0919540229885057,3,TRUE,1,0,0,TRUE
"162","3_c3","Bu=1",0.10069684198542,0.0890216711145592,0.0795032827245015,0.0406299749902167,0.0750028490589004,0.112400660375456,0.070776503607768,0.153435788522431,1,0.0114942528735632,3,FALSE,1,0,0,TRUE
"163","3_c4","A=1",0.0878201277032815,0.0554600994604809,0.0990699015765021,0.0635582102426652,0.0373534928411364,0.0452077723066314,0.11943111171528,0.101495732738957,2,0.0212765957446809,3,FALSE,1,1,0,TRUE
"164","3_c4","Au=0",0.19198160998996,0.210248468050649,0.194217269695818,0.224618547574062,0.251741162437281,0.174253945128212,0.211847577319514,0.150567177887567,29,0.308510638297872,3,TRUE,1,1,0,TRUE
"165","3_c4","Au=1",0.0878201277032815,0.0827827774771361,0.0990699015765021,0.0635582102426652,0.0777669775258371,0.21819470376482,0.11943111171528,0.254745788704575,0,0,3,FALSE,1,1,0,TRUE
"166","3_c4","B=1",0.0878201277032815,0.0776871259877947,0.0990699015765021,0.0635582102426652,0.0809890935863914,0.0452077723066314,0.11943111171528,0.101495732738957,1,0.0106382978723404,3,FALSE,1,1,0,TRUE
"167","3_c4","Bu=0",0.456737879196914,0.48605256827602,0.409503123998174,0.521148611455277,0.482219525258298,0.428379777544183,0.310427975819367,0.195847783964972,58,0.617021276595745,3,TRUE,1,1,0,TRUE
"168","3_c4","Bu=1",0.0878201277032815,0.0877689607479192,0.0990699015765021,0.0635582102426652,0.069929748351056,0.0887560289495224,0.11943111171528,0.195847783964972,3,0.0319148936170213,3,FALSE,1,1,0,TRUE
"169","3_c5","A=1",0.41990139533218,0.410763638954543,0.360487835974008,0.242145483192669,0.369490206188321,0.243456783739939,0.308211501252359,0.243369121599953,24,0.230769230769231,3,TRUE,1,1,1,TRUE
"170","3_c5","Au=0",0.0483774546386155,0.050833145177032,0.0793174088643019,0.0157090336146611,0.0549370882897374,0.0130864325201219,0.0456207146912123,0.0969630448001979,0,0,3,FALSE,1,1,1,TRUE
"171","3_c5","Au=1",0.148142381224064,0.15000239028251,0.155695699753543,0.242145483192669,0.177785648986277,0.243456783739939,0.173757201775721,0.164052535681238,55,0.528846153846154,3,TRUE,1,1,1,TRUE
"172","3_c5","B=1",0.119146606689978,0.12151536460637,0.149078691289913,0.242145483192669,0.171183593150368,0.243456783739939,0.308211501252359,0.243369121599953,5,0.0480769230769231,3,TRUE,1,1,1,TRUE
"173","3_c5","Bu=0",0.0483774546386155,0.050833145177032,0.0793174088643019,0.0157090336146611,0.0286763868384382,0.0130864325201219,0.0456207146912123,0.126123088159329,1,0.00961538461538462,3,FALSE,1,1,1,TRUE
"174","3_c5","Bu=1",0.216054707476547,0.216052315802512,0.176102955253932,0.242145483192669,0.197927076546859,0.243456783739939,0.118578366337136,0.126123088159329,18,0.173076923076923,3,TRUE,1,1,1,TRUE
"175","3_d1","A=0",0.22281882532529,0.228097419037262,0.216983043724132,0.394970062052436,0.22642609237375,0.332344879867184,0.339752387513437,0.243369121599953,20,0.21505376344086,3,TRUE,0,0,0,TRUE
"176","3_d1","Au=0",0.070267004895382,0.0747320491063192,0.0470726315695776,0.0582123786778398,0.0597928133094547,0.0429406451614748,0.0892034780602369,0.0969630448001979,3,0.032258064516129,3,TRUE,0,0,0,TRUE
"177","3_d1","Au=1",0.0673924256723208,0.0677613842965796,0.0445397925943576,0.025623430591227,0.0531992355470535,0.138263902061297,0.0502893197477331,0.164052535681238,0,0,3,FALSE,0,0,0,TRUE
"178","3_d1","B=0",0.447565721526448,0.447714162803514,0.546402896297527,0.394970062052436,0.506306619687333,0.332344879867184,0.339752387513437,0.243369121599953,61,0.655913978494624,3,TRUE,0,0,0,TRUE
"179","3_d1","Bu=0",0.124563596908239,0.129992409075935,0.100461843220048,0.100600636034834,0.115751255537319,0.0770528465214302,0.130713107417424,0.126123088159329,7,0.0752688172043011,3,TRUE,0,0,0,TRUE
"180","3_d1","Bu=1",0.0673924256723208,0.0517025756803904,0.0445397925943576,0.025623430591227,0.0385239835450894,0.0770528465214302,0.0502893197477331,0.126123088159329,1,0.010752688172043,3,FALSE,0,0,0,TRUE
"181","3_d2","A=0",0.0940362370963905,0.0997976262811583,0.15659942055346,0.426984139609067,0.189641718884729,0.376969340828536,0.478162882322076,0.296072143646904,17,0.2125,3,TRUE,0,1,0,TRUE
"182","3_d2","Au=0",0.0383616036398524,0.0419380907762953,0.0759419943485397,0.0629307504857287,0.100939610919421,0.0487063519911672,0.125543759955918,0.117960965383749,2,0.025,3,TRUE,0,1,0,TRUE
"183","3_d2","Au=1",0.0372682870385552,0.0389358849458442,0.0742623227109163,0.0277003234320458,0.0959641359044251,0.156828810003807,0.070776503607768,0.19957908213884,1,0.0125,3,FALSE,0,1,0,TRUE
"184","3_d2","B=1",0.0372682870385552,0.0299011232841957,0.0742623227109163,0.0277003234320458,0.031511815040005,0.0202630781739772,0.070776503607768,0.0795162317856454,8,0.1,3,FALSE,0,1,0,TRUE
"185","3_d2","Bu=0",0.755797298148092,0.748645425820348,0.544671616965251,0.426984139609067,0.56186791524074,0.376969340828536,0.183963846898702,0.153435788522431,50,0.625,3,TRUE,0,1,0,TRUE
"186","3_d2","Bu=1",0.0372682870385552,0.0407818488921583,0.0742623227109163,0.0277003234320458,0.0200748040106808,0.0202630781739772,0.070776503607768,0.153435788522431,2,0.025,3,FALSE,0,1,0,TRUE
"187","3_d3","A=0",0.0397658553632382,0.0352719734413503,0.0716751506181952,0.0287118543212879,0.048181956610118,0.0202630781739772,0.0748773295075742,0.0795162317856454,4,0.0487804878048781,3,FALSE,0,1,1,TRUE
"188","3_d3","Au=0",0.0397658553632382,0.0426129387697139,0.0716751506181952,0.0287118543212879,0.0908429225474565,0.0487063519911672,0.0748773295075742,0.117960965383749,1,0.0121951219512195,3,FALSE,0,1,1,TRUE
"189","3_d3","Au=1",0.0397658553632382,0.0433496467912217,0.0716751506181952,0.0287118543212879,0.0958790088107569,0.156828810003807,0.0748773295075742,0.19957908213884,2,0.024390243902439,3,FALSE,0,1,1,TRUE
"190","3_d3","B=1",0.209538943909166,0.214032039156058,0.266230234290757,0.442576291357424,0.291229128737334,0.376969340828536,0.50586787807913,0.296072143646904,12,0.146341463414634,3,TRUE,0,1,1,TRUE
"191","3_d3","Bu=0",0.0397658553632382,0.0429151306680671,0.0716751506181952,0.0287118543212879,0.0163674061136264,0.0202630781739772,0.0748773295075742,0.153435788522431,1,0.0121951219512195,3,FALSE,0,1,1,TRUE
"192","3_d3","Bu=1",0.631397634637881,0.621818271173589,0.447069163236463,0.442576291357424,0.457499577180708,0.376969340828536,0.194622803890573,0.153435788522431,62,0.75609756097561,3,TRUE,0,1,1,TRUE
"193","3_d4","A=1",0.0617520927898198,0.0359081236669682,0.107246333529729,0.0264866010581002,0.0139064588113423,0.0209056652060626,0.070776503607768,0.0795162317856454,5,0.0549450549450549,3,FALSE,1,0,0,TRUE
"194","3_d4","Au=0",0.497008064449316,0.507832055311645,0.245565863289058,0.408275325438186,0.294729520780185,0.388923872505824,0.125543759955918,0.117960965383749,58,0.637362637362637,3,TRUE,1,0,0,TRUE
"195","3_d4","Au=1",0.0617520927898198,0.0676055571641283,0.107246333529729,0.0264866010581002,0.0481083266502384,0.0209056652060626,0.070776503607768,0.19957908213884,3,0.032967032967033,3,FALSE,1,0,0,TRUE
"196","3_d4","B=0",0.233106602205551,0.244226620946922,0.299064145007722,0.408275325438186,0.349951596858284,0.388923872505824,0.478162882322076,0.296072143646904,19,0.208791208791209,3,TRUE,1,0,0,TRUE
"197","3_d4","Bu=0",0.0846290549756739,0.0916897188305604,0.133630991114033,0.103989545949327,0.173444332584559,0.0901704622881136,0.183963846898702,0.153435788522431,5,0.0549450549450549,3,TRUE,1,0,0,TRUE
"198","3_d4","Bu=1",0.0617520927898198,0.0527379240797761,0.107246333529729,0.0264866010581002,0.119859764315391,0.0901704622881136,0.070776503607768,0.153435788522431,0,0,3,FALSE,1,0,0,TRUE
"199","3_d5","A=1",0.6327978749508,0.629713111806078,0.659128657506927,0.442576291357424,0.635451514547148,0.388923872505824,0.46385849469703,0.296072143646904,16,0.207792207792208,3,TRUE,1,0,1,TRUE
"200","3_d5","Au=0",0.0467089406710709,0.050668284654677,0.0454596383461554,0.0287118543212879,0.0301121352839025,0.0209056652060626,0.0686592030397389,0.117960965383749,0,0,3,FALSE,1,0,1,TRUE
"201","3_d5","Au=1",0.180366362364916,0.187099821668183,0.159032789108451,0.442576291357424,0.184093499726496,0.388923872505824,0.261504693144015,0.19957908213884,57,0.74025974025974,3,TRUE,1,0,1,TRUE
"202","3_d5","B=0",0.0467089406710709,0.0301849314020983,0.0454596383461554,0.0287118543212879,0.0252827508388625,0.0209056652060626,0.0686592030397389,0.0795162317856454,3,0.038961038961039,3,FALSE,1,0,1,TRUE
"203","3_d5","Bu=0",0.0467089406710709,0.0458667283559879,0.0454596383461554,0.0287118543212879,0.0510174003932012,0.0901704622881136,0.0686592030397389,0.153435788522431,0,0,3,FALSE,1,0,1,TRUE
"204","3_d5","Bu=1",0.0467089406710709,0.056467122112975,0.0454596383461554,0.0287118543212879,0.0740426992103901,0.0901704622881136,0.0686592030397389,0.153435788522431,0,0,3,FALSE,1,0,1,TRUE
"205","3_d6","A=1",0.0518725147261287,0.0317572949653625,0.126985671207248,0.0287118543212879,0.0398039994549806,0.0242674212189303,0.11943111171528,0.101495732738957,6,0.0652173913043478,3,FALSE,1,1,0,TRUE
"206","3_d6","Au=0",0.353307017571832,0.362216558886988,0.206607185683084,0.442576291357424,0.301449671686982,0.451465157562139,0.211847577319514,0.150567177887567,31,0.33695652173913,3,TRUE,1,1,0,TRUE
"207","3_d6","Au=1",0.0518725147261287,0.0566667281347396,0.126985671207248,0.0287118543212879,0.0922202118106742,0.0242674212189303,0.11943111171528,0.254745788704575,4,0.0434782608695652,3,FALSE,1,1,0,TRUE
"208","3_d6","B=1",0.0518725147261287,0.0456454645054946,0.126985671207248,0.0287118543212879,0.0975554234444357,0.0242674212189303,0.11943111171528,0.101495732738957,2,0.0217391304347826,3,FALSE,1,1,0,TRUE
"209","3_d6","Bu=0",0.439202923523653,0.447047225372676,0.285450129487926,0.442576291357424,0.399520494234411,0.451465157562139,0.310427975819367,0.195847783964972,42,0.456521739130435,3,TRUE,1,1,0,TRUE
"210","3_d6","Bu=1",0.0518725147261287,0.0566667281347396,0.126985671207248,0.0287118543212879,0.0694501993685156,0.0242674212189303,0.11943111171528,0.195847783964972,3,0.0326086956521739,3,FALSE,1,1,0,TRUE
"211","3_d7","A=1",0.33799712665472,0.341188812275148,0.387841851203728,0.325616899570209,0.379027474956376,0.315834378105564,0.308211501252359,0.243369121599953,12,0.141176470588235,3,TRUE,1,1,1,TRUE
"212","3_d7","Au=0",0.0732324880641289,0.0710016269794628,0.0615291537170608,0.0211241884564914,0.0498493424279012,0.0284384522760298,0.0456207146912123,0.0969630448001979,0,0,3,FALSE,1,1,1,TRUE
"213","3_d7","Au=1",0.158860121815738,0.164417589108779,0.147097132032009,0.200942951654045,0.162850303642087,0.188543790550591,0.173757201775721,0.164052535681238,48,0.564705882352941,3,TRUE,1,1,1,TRUE
"214","3_d7","B=1",0.144475294599893,0.149999969221865,0.138241505386349,0.325616899570209,0.154273729549184,0.315834378105564,0.308211501252359,0.243369121599953,6,0.0705882352941176,3,TRUE,1,1,1,TRUE
"215","3_d7","Bu=0",0.0732324880641289,0.0558602338132882,0.0615291537170608,0.0211241884564914,0.0376776935228618,0.0565764264014398,0.0456207146912123,0.126123088159329,0,0,3,FALSE,1,1,1,TRUE
"216","3_d7","Bu=1",0.212202480801392,0.217531768601457,0.203761203943792,0.105574872292555,0.21632145590159,0.0947725745608117,0.118578366337136,0.126123088159329,19,0.223529411764706,3,TRUE,1,1,1,TRUE
